Close_time,Predict
1722806699999,2933.40840391184
1722806999999,2932.895046674439
