Close_time,Predict
1722806699999,15937.988806688967
1722806999999,15937.988806688967
