Close_time,Predict
1722806699999,342801.8334856621
1722806999999,343090.98160342895
